the,550
of,308
to,295
in,192
and,183
that,131
is,117
for,93
it,82
are,77
be,75
on,71
their,64
an,61
as,52
have,51
with,45
from,45
has,43
by,42
they,41
but,38
will,38
more,37
at,35
its,33
not,32
can,30
what,26
may,26
which,25
such,25
new,23
this,23
or,23
was,21
been,21
who,21
all,21
paragraph,21
tax,21
year,20
should,20
some,20
science,20
those,19
than,19
if,19
scientists,19
other,19
state,19
when,18
change,18
them,17
about,17
author,17
scientific,17
we,17
out,16
one,16
services,16
people,15
there,15
journals,15
work,15
culture,14
degree,14
need,14
so,14
were,14
last,14
make,14
artists,14
prh,14
citation,14
could,13
into,13
time,13
boards,13
even,13
climate,13
broadband,13
housing,13
authors,13
among,12
also,12
local,12
term,12
publishing,12
because,12
how,12
women,12
digital,12
says,12
short,12
education,12
said,12
britain,11
no,11
do,11
well,11
between,11
art,11
high,11
papers,11
publishers,11
both,11
up,11
these,11
many,11
study,11
france,11
international,11
program,11
public,11
providers,11
waterstones,11
according,10
only,10
needs,10
now,10
had,10
social,10
does,10
following,10
companies,10
us,10
number,10
against,10
would,10
countries,10
ferraro,10
plastic,10
workers,10
managers,10
citations,10
uk,9
might,9
like,9
research,9
market,9
must,9
help,9
court,9
service,9
victorians,9
fcc,9
you,9
rental,9
books,9
jobs,8
good,8
just,8
long,8
money,8
researchers,8
most,8
few,8
support,8
level,8
government,8
law,8
board,8
business,8
employment,8
bill,8
indonesia,8
show,8
our,8
victorian,8
she,8
generation,8
employers,8
texas,8
town,7
where,7
become,7
much,7
image,7
increase,7
growth,7
industry,7
access,7
article,7
big,7
firms,7
over,7
often,7
way,7
gender,7
order,7
measure,7
first,7
based,7
likely,7
states,7
already,7
rules,7
however,7
commission,7
laws,7
each,7
productivity,7
dismissal,7
schools,7
proposal,6
city,6
title,6
towns,6
free,6
very,6
set,6
published,6
under,6
costs,6
learned,6
reduce,6
too,6
designed,6
protection,6
corporate,6
measures,6
role,6
text,6
revenue,6
tech,6
trade,6
part,6
future,6
another,6
rail,6
network,6
why,6
off,6
deforestation,6
certain,6
school,6
programs,6
poverty,6
two,6
did,6
studies,6
net,6
neutrality,6
further,6
personal,6
staff,6
horn,6
success,5
see,5
able,5
light,5
hard,5
get,5
private,5
seen,5
today,5
action,5
economic,5
mentioned,5
articles,5
without,5
status,5
while,5
since,5
terms,5
being,5
yet,5
system,5
demand,5
writers,5
rate,5
paragraphs,5
ensure,5
provide,5
percent,5
california,5
same,5
career,5
owners,5
french,5
data,5
country,5
years,5
provisions,5
taxes,5
view,5
current,5
different,5
protect,5
home,5
train,5
use,5
poor,5
strikes,5
ordinary,5
ccts,5
environment,5
cause,5
preserve,5
take,5
non,5
standards,5
nature,5
age,5
prevent,5
issue,5
act,5
create,5
plastics,5
museums,5
objects,5
van,5
oosten,5
technology,5
teachers,5
employees,5
procedures,5
unjustified,5
energy,5
branch,5
rentals,5
award,4
her,4
investment,4
arts,4
true,4
put,4
annual,4
funding,4
fact,4
longer,4
after,4
glasgow,4
place,4
successful,4
hotel,4
self,4
sector,4
cultural,4
above,4
promote,4
limited,4
publish,4
supply,4
journal,4
century,4
university,4
profit,4
made,4
universities,4
seem,4
global,4
every,4
themselves,4
shows,4
move,4
open,4
ways,4
half,4
before,4
around,4
power,4
cost,4
form,4
little,4
average,4
bills,4
lewis,4
less,4
proposed,4
imposing,4
adopted,4
became,4
require,4
supreme,4
policy,4
participation,4
currently,4
percentage,4
lead,4
raise,4
go,4
management,4
large,4
multinationals,4
include,4
providing,4
online,4
united,4
effect,4
significant,4
unilateral,4
instead,4
trend,4
name,4
several,4
income,4
working,4
holds,4
clear,4
opinion,4
operators,4
lower,4
commuters,4
passengers,4
latest,4
strong,4
regular,4
used,4
down,4
loss,4
reduction,4
enough,4
cct,4
don,4
consider,4
environmental,4
sometimes,4
including,4
across,4
value,4
makes,4
photographs,4
smiling,4
early,4
photography,4
exposure,4
times,4
grin,4
say,4
he,4
anti,4
appeals,4
strict,4
individual,4
competition,4
quality,4
artifacts,4
gilardi,4
impact,4
graduates,4
specific,4
paid,4
visual,4
month,4
era,4
overall,4
grade,4
low,4
cite,4
scopus,4
group,3
labour,3
cooper,3
call,3
colleagues,3
argue,3
ought,3
together,3
argued,3
european,3
world,3
titles,3
community,3
bring,3
live,3
right,3
cooperation,3
groups,3
series,3
remains,3
facilities,3
hope,3
focus,3
attempt,3
suggests,3
present,3
case,3
example,3
attitude,3
towards,3
knowledge,3
content,3
publisher,3
find,3
report,3
crisis,3
claims,3
profits,3
own,3
rise,3
despite,3
increasingly,3
illegal,3
hub,3
legal,3
general,3
worked,3
any,3
responded,3
inflation,3
economy,3
internet,3
provided,3
huge,3
gone,3
through,3
diversity,3
mandates,3
policies,3
sponsored,3
massachusetts,3
patricia,3
haddad,3
point,3
female,3
elite,3
quotas,3
recently,3
address,3
necessary,3
increasing,3
share,3
requiring,3
next,3
options,3
growing,3
considered,3
concern,3
major,3
words,3
whether,3
american,3
past,3
australia,3
keep,3
development,3
oecd,3
reach,3
consensus,3
end,3
nations,3
face,3
prove,3
regulate,3
influence,3
rights,3
faced,3
best,3
demands,3
fares,3
burden,3
per,3
cent,3
still,3
rather,3
attention,3
worst,3
requirement,3
changed,3
relations,3
third,3
antipoverty,3
re,3
children,3
effects,3
alleviation,3
greater,3
area,3
traditional,3
affect,3
forest,3
weather,3
elsewhere,3
valuable,3
ve,3
looking,3
common,3
photographic,3
days,3
almost,3
look,3
smile,3
popular,3
society,3
especially,3
misguided,3
rivals,3
preserving,3
again,3
authority,3
result,3
congress,3
going,3
clients,3
practices,3
decision,3
durable,3
materials,3
institutions,3
risk,3
sculptures,3
foam,3
small,3
damage,3
mid,3
display,3
preservation,3
ages,3
application,3
educational,3
told,3
degrees,3
route,3
roles,3
seeking,3
hiring,3
careers,3
collaborations,3
poll,3
communication,3
requirements,3
center,3
grievance,3
zealand,3
employee,3
highly,3
suffer,3
taught,3
hardy,3
views,3
dispute,3
teaching,3
textbooks,3
think,3
developers,3
taylor,3
affordable,3
having,3
castle,3
book,3
credit,3
shops,3
list,3
contributors,3
editor,3
manipulation,3
bringing,2
institute,2
existing,2
hull,2
cities,2
prevented,2
generally,2
resources,2
attracting,2
apply,2
capital,2
sought,2
endless,2
itself,2
post,2
follow,2
badly,2
run,2
prominence,2
benefits,2
really,2
great,2
deal,2
fill,2
events,2
aspirations,2
requires,2
done,2
certainly,2
complex,2
factors,2
music,2
street,2
supporting,2
turn,2
target,2
licence,2
print,2
peer,2
review,2
acquisition,2
production,2
secured,2
until,2
libraries,2
price,2
operations,2
existential,2
elsevier,2
produced,2
alone,2
figures,2
efforts,2
offer,2
paywalled,2
sci,2
users,2
works,2
participants,2
either,2
available,2
publication,2
readers,2
pointed,2
steadily,2
rising,2
model,2
cases,2
enjoyed,2
reduced,2
nothing,2
feel,2
concerned,2
allow,2
substantially,2
field,2
house,2
commissions,2
opportunities,2
seats,2
similar,2
governor,2
basis,2
sex,2
unless,2
important,2
interest,2
applies,2
history,2
prior,2
courts,2
constitutional,2
equal,2
mirror,2
catalyst,2
corporations,2
increased,2
membership,2
experienced,2
norway,2
nationwide,2
quota,2
notes,2
qualified,2
led,2
phenomenon,2
variety,2
remember,2
believes,2
threat,2
position,2
mentions,2
harm,2
arbitrary,2
decisions,2
importance,2
pressure,2
tension,2
labor,2
inferred,2
everyone,2
justice,2
issues,2
legislation,2
senate,2
passed,2
impose,2
consumers,2
selling,2
advertising,2
media,2
outlets,2
apple,2
multinational,2
president,2
within,2
sparked,2
investigation,2
sanctions,2
included,2
failed,2
response,2
solution,2
involved,2
questions,2
planned,2
dozens,2
costly,2
levy,2
curb,2
prompt,2
giants,2
ease,2
criticism,2
justify,2
passenger,2
rises,2
extra,2
official,2
governments,2
running,2
goes,2
car,2
stockbroker,2
sense,2
whom,2
biggest,2
received,2
compared,2
endure,2
relatively,2
unions,2
compensation,2
suffered,2
continue,2
wider,2
problems,2
railways,2
needed,2
willing,2
pay,2
nationalisation,2
return,2
justified,2
kept,2
pace,2
surprise,2
stand,2
trying,2
ever,2
started,2
care,2
called,2
inequality,2
break,2
severe,2
correlated,2
degradation,2
protecting,2
mexico,2
got,2
land,2
cattle,2
though,2
wanted,2
rates,2
analyzed,2
during,2
insurance,2
rice,2
supplement,2
harvests,2
individuals,2
results,2
due,2
transferability,2
didn,2
better,2
improve,2
cited,2
means,2
boost,2
benefit,2
debates,2
always,2
19th,2
found,2
quite,2
twitter,2
fun,2
laugh,2
human,2
separate,2
away,2
course,2
majority,2
sitters,2
thought,2
fixed,2
camera,2
performed,2
duties,2
norm,2
meant,2
slow,2
smiles,2
easy,2
1890s,2
explanation,2
gave,2
teeth,2
birth,2
proper,2
hygiene,2
rare,2
dental,2
lacked,2
hall,2
performers,2
becoming,2
properly,2
mark,2
twain,2
came,2
portraits,2
pictures,2
start,2
slowly,2
advocates,2
web,2
worried,2
connections,2
losers,2
freedom,2
innovation,2
regulatory,2
federal,2
tuesday,2
resolution,2
communications,2
competitive,2
behavior,2
upheld,2
judge,2
millett,2
intervene,2
regulation,2
meantime,2
undermine,2
battles,2
department,2
give,2
traffic,2
control,2
intensify,2
allowed,2
unfair,2
message,2
supervision,2
easily,2
vulnerable,2
know,2
ingredients,2
polymer,2
retiring,2
ago,2
wrong,2
object,2
artist,2
began,2
pieces,2
roses,2
items,2
pumpkins,2
inherently,2
chemicals,2
harder,2
old,2
stake,2
ferreira,2
material,2
decide,2
difficulties,2
immune,2
challenging,2
students,2
undergraduate,2
purpose,2
stage,2
millennials,2
decent,2
life,2
mobility,2
graduate,2
stress,2
parents,2
tend,2
advantages,2
leavers,2
loyal,2
desired,2
postgraduates,2
earn,2
throughout,2
wish,2
five,2
core,2
am,2
thing,2
define,2
college,2
necessity,2
reflects,2
job,2
learning,2
choice,2
doing,2
audiences,2
reworked,2
version,2
four,2
seasons,2
performance,2
partnership,2
fewer,2
simply,2
nor,2
alliances,2
critique,2
cavs,2
founders,2
projects,2
therefore,2
collaboration,2
challenge,2
beyond,2
fall,2
favorable,2
expression,2
worry,2
underestimated,2
reputation,2
firing,2
dismissals,2
contract,2
poorly,2
performing,2
earning,2
difference,2
introduced,2
placing,2
dismissing,2
paradox,2
record,2
carry,2
regulations,2
wellbeing,2
threshold,2
members,2
voted,2
intended,2
punish,2
lose,2
recent,2
meeting,2
pre,2
panic,2
your,2
scholars,2
quinn,2
reflect,2
policymakers,2
widely,2
director,2
subjects,2
prominent,2
convey,2
consequences,2
communities,2
england,2
took,2
prices,2
urgency,2
come,2
buy,2
hampshire,2
vacancy,2
lot,2
tourism,2
potential,2
register,2
registration,2
bit,2
problem,2
limit,2
relevant,2
sections,2
spokesperson,2
customers,2
stock,2
sales,2
lesser,2
known,2
merger,2
literary,2
lownie,2
plurality,2
intellectual,2
paper,2
prestige,2
suspicious,2
patterns,2
predatory,2
consultancies,2
advise,2
add,2
milk,2
type,2
mps,1
yvette,1
sit,1
alongside,1
held,1
awarded,1
coventry,1
crown,1
brought,1
220m,1
avalanche,1
confined,1
applying,1
lack,1
bid,1
beat,1
bigger,1
competitors,1
event,1
creating,1
booby,1
prize,1
prestigious,1
bagged,1
liverpool,1
cynic,1
speculate,1
verge,1
disappearing,1
fever,1
selfcelebration,1
desperation,1
reinvent,1
brexit,1
knows,1
village,1
suburb,1
hamlet,1
wise,1
recall,1
cure,1
washes,1
tide,1
spell,1
leaving,1
lasting,1
holders,1
bedrooms,1
highprofile,1
press,1
transform,1
nudge,1
bolder,1
optimistic,1
remarkable,1
vision,1
authorities,1
organisations,1
turned,1
powerhouse,1
theatre,1
honouring,1
peculiarities,1
helping,1
sustain,1
celebrating,1
jeremy,1
wright,1
secretary,1
welcome,1
positive,1
filled,1
consolidate,1
ties,1
strength,1
regarded,1
sensible,1
compromise,1
deceiving,1
ic,1
eye,1
catching,1
bonus,1
inaccessible,1
holder,1
endeavours,1
maintain,1
meets,1
brings,1
commits,1
laja,1
contrasting,1
background,1
story,1
related,1
topic,1
skeptical,1
objective,1
favourable,1
critical,1
monetary,1
reward,1
perform,1
specialised,1
central,1
element,1
sensitive,1
routinely,1
margins,1
approaching,1
rest,1
dutch,1
giant,1
900m,1
spent,1
210m,1
enable,1
publicly,1
funded,1
unstoppably,1
desperate,1
drastic,1
thoroughly,1
reaction,1
emergence,1
scihub,1
kind,1
photocopier,1
relies,1
passing,1
copies,1
legally,1
accessed,1
ecosystem,1
lost,1
legitimacy,1
transformed,1
driven,1
bodies,1
british,1
freely,1
moment,1
placed,1
release,1
cheaper,1
product,1
charging,1
fees,1
cover,1
preparing,1
range,1
subscriptions,1
preparation,1
resembles,1
exchange,1
places,1
rebalancing,1
partly,1
steady,1
marketing,1
strategy,1
payment,1
thrived,1
mainly,1
revived,1
financed,1
generously,1
relieved,1
puzzled,1
encouraged,1
room,1
render,1
easier,1
financial,1
burdens,1
characterises,1
trial,1
subscription,1
offered,1
triumphs,1
controlled,1
feed,1
progressives,1
path,1
equality,1
playing,1
insincere,1
virtue,1
signaling,1
privileged,1
pair,1
senator,1
jason,1
speaker,1
pro,1
tempore,1
parity,1
required,1
aside,1
signing,1
jerry,1
brown,1
admitted,1
expressly,1
classifies,1
probably,1
unconstitutional,1
frowns,1
classifications,1
discrimination,1
rule,1
violates,1
guarantee,1
population,1
interference,1
primary,1
qualification,1
inevitably,1
exactly,1
happened,1
writing,1
republic,1
alice,1
lee,1
pool,1
serve,1
golden,1
skirt,1
scoop,1
multiple,1
somebody,1
pushes,1
equity,1
largely,1
serving,1
sponsors,1
bias,1
pose,1
politics,1
greatly,1
broaden,1
irritated,1
welcomed,1
constitution,1
settle,1
controversies,1
illustrate,1
guarantees,1
needlessness,1
interventions,1
adoption,1
underestimation,1
objection,1
entry,1
unqualified,1
candidates,1
feasibility,1
prime,1
policymaking,1
try,1
thursday,1
entirely,1
everything,1
platform,1
goods,1
targeting,1
user,1
gross,1
politicians,1
referred,1
gafa,1
meaning,1
primarily,1
google,1
facebook,1
amazon,1
awaits,1
signature,1
emmanuel,1
macron,1
expressed,1
weeks,1
controversy,1
representative,1
opening,1
discriminates,1
larger,1
proposing,1
putting,1
alphabet,1
soup,1
dpt,1
diverted,1
maal,1
antiavoidance,1
india,1
sep,1
presence,1
test,1
union,1
spain,1
seriously,1
contemplated,1
developments,1
differ,1
specifics,1
believe,1
grant,1
organization,1
organisation,1
warning,1
broad,1
reached,1
reforming,1
suit,1
cascade,1
burdensome,1
platforms,1
interests,1
quit,1
aims,1
tensions,1
apt,1
arouse,1
abroad,1
trigger,1
countermeasures,1
adopting,1
upgrading,1
redistribution,1
ensured,1
monopoly,1
enjoy,1
taxing,1
resisted,1
uncertain,1
prospects,1
readjusted,1
immediately,1
involve,1
leads,1
charge,1
confronted,1
multinationalshow,1
possibly,1
grimly,1
reliable,1
ritual,1
january,1
travelling,1
option,1
otherwise,1
fraction,1
consumer,1
index,1
cpi,1
successive,1
permitted,1
increases,1
grounds,1
investing,1
borne,1
taxpayer,1
argument,1
driving,1
pensioner,1
lincolnshire,1
subsidise,1
daily,1
commute,1
surrey,1
equally,1
travails,1
south,1
east,1
infrastructure,1
midlands,1
north,1
months,1
trumpeting,1
improvements,1
making,1
expect,1
basic,1
substantial,1
sums,1
paying,1
travel,1
responsibility,1
wave,1
rests,1
affected,1
industrial,1
receive,1
disruption,1
pledged,1
introduce,1
minimum,1
occur,1
operate,1
package,1
yes,1
indefinitely,1
cramped,1
unreliable,1
interrupted,1
chaos,1
timetables,1
maintenance,1
managed,1
incompetently,1
vengeance,1
anger,1
addressed,1
unreasonable,1
investors,1
taxpayers,1
drivers,1
travellers,1
indicated,1
adequate,1
losses,1
owing,1
offering,1
repair,1
unable,1
calm,1
collapse,1
ownership,1
blame,1
constant,1
complaining,1
doesn,1
aren,1
sustainable,1
marked,1
row,1
bleak,1
slowed,1
reason,1
turnaround,1
phasing,1
gives,1
poorest,1
residents,1
conditions,1
kids,1
medical,1
conditional,1
cash,1
transfers,1
assistance,1
cycle,1
worldwide,1
food,1
medicine,1
viewed,1
conflicting,1
goals,1
paul,1
economist,1
johns,1
hopkins,1
correlations,1
previous,1
analyzing,1
causality,1
instituted,1
supported,1
cleared,1
meat,1
negatively,1
affecting,1
largest,1
tropical,1
highest,1
satellite,1
showing,1
phase,1
forested,1
villages,1
provinces,1
associated,1
rural,1
using,1
makeshift,1
inclement,1
typically,1
rains,1
delayed,1
plant,1
translates,1
anybody,1
guess,1
transfer,1
parts,1
asia,1
commonalities,1
regardless,1
avoided,1
carbon,1
dioxide,1
emissions,1
aim,1
families,1
facilitate,1
health,1
reform,1
systems,1
rearing,1
livelihood,1
helped,1
lifestyles,1
tends,1
farmers,1
his,1
intends,1
relation,1
forests,1
acceptance,1
grain,1
regional,1
asian,1
centered,1
process,1
historian,1
searching,1
reevaluate,1
preoccupied,1
ancestors,1
shatter,1
prudery,1
posting,1
causing,1
stir,1
surprised,1
evidence,1
noting,1
suddenly,1
hundred,1
fade,1
experience,1
laughter,1
concede,1
my,1
collection,1
tiny,1
vast,1
catalogue,1
portraiture,1
created,1
posing,1
miserably,1
stiffly,1
front,1
painted,1
backdrops,1
staring,1
absently,1
middle,1
distance,1
explain,1
1840s,1
1850s,1
notoriously,1
daguerreotype,1
method,1
producing,1
silvered,1
copper,1
plate,1
minutes,1
complete,1
resulting,1
blurred,1
images,1
shifted,1
adjusted,1
limbs,1
holding,1
magical,1
contemplate,1
committal,1
blank,1
stare,1
quicker,1
1880s,1
introduction,1
box,1
brownie,1
portable,1
cameras,1
instantaneous,1
spontaneous,1
capture,1
hesitated,1
dignity,1
displayed,1
cheesy,1
lips,1
conceal,1
ran,1
saying,1
alluding,1
dentistry,1
mouths,1
shocking,1
flashing,1
healthy,1
clean,1
pearly,1
whites,1
sight,1
super,1
rich,1
then,1
guaranteed,1
toothy,1
gaps,1
blackened,1
class,1
drunks,1
tramps,1
gurn,1
wide,1
carrol,1
gum,1
exposing,1
cheshire,1
cat,1
bred,1
persons,1
man,1
hearty,1
damning,1
silly,1
foolish,1
forever,1
posts,1
illustrated,1
highlighted,1
evaluated,1
notion,1
impression,1
collected,1
conventions,1
historians,1
inherent,1
sensitiveness,1
unhealthy,1
condition,1
distrust,1
inventions,1
quoted,1
disapproval,1
provoking,1
idea,1
controversial,1
deep,1
rooted,1
belief,1
answer,1
stern,1
differently,1
develop,1
period,1
cable,1
phone,1
incentive,1
favor,1
affiliated,1
websites,1
picking,1
winners,1
lifeblood,1
impossible,1
pushback,1
conservatives,1
weighed,1
prolonged,1
fight,1
district,1
columbia,1
circuit,1
party,1
line,1
vote,1
republican,1
penned,1
eliminated,1
democratic,1
rejected,1
anything,1
declared,1
couldn,1
agencies,1
conglomerate,1
favoring,1
videostreaming,1
expense,1
netflix,1
tv,1
ended,1
investigations,1
imposed,1
caps,1
streaming,1
unanimously,1
deregulating,1
citing,1
ruling,1
similarly,1
deregulatory,1
rightly,1
concurring,1
unhinged,1
realities,1
modern,1
avoid,1
trapping,1
technological,1
anachronism,1
threw,1
block,1
preempt,1
enacted,1
tough,1
wake,1
abdication,1
back,1
forth,1
cry,1
explicit,1
once,1
bar,1
meddling,1
openness,1
partiality,1
treating,1
sticks,1
date,1
takes,1
stance,1
issued,1
special,1
protects,1
engages,1
pursuit,1
argues,1
focuses,1
trivialities,1
conveys,1
ambiguous,1
odds,1
earlier,1
rulings,1
touch,1
reality,1
diversify,1
protected,1
complain,1
water,1
bottles,1
shopping,1
bags,1
trash,1
litter,1
planet,1
mount,1
everest,1
mariana,1
trench,1
everywhere,1
crack,1
frizzle,1
weep,1
additives,1
melt,1
sludge,1
creates,1
headaches,1
culturally,1
dizzying,1
radios,1
avant,1
garde,1
celluloid,1
animation,1
stills,1
disney,1
films,1
artificial,1
heart,1
pioneers,1
mix,1
thea,1
chemist,1
decades,1
heritage,1
agency,1
netherlands,1
baking,1
cake,1
exact,1
amounts,1
bomb,1
fault,1
1960s,1
italian,1
piero,1
hundreds,1
bright,1
colorful,1
beds,1
dozen,1
carpet,1
rectangles,1
decorated,1
cabbages,1
watermelons,1
viewers,1
walk,1
carpets,1
unfortunately,1
polyurethane,1
unstable,1
1990s,1
splitting,1
crumbling,1
locked,1
dark,1
infused,1
stabilizing,1
consolidating,1
calls,1
sunscreens,1
goal,1
rebuild,1
worn,1
fibers,1
proud,1
albeit,1
beneath,1
protective,1
stories,1
deteriorate,1
worse,1
biodegradable,1
disintegrate,1
here,1
joana,1
lia,1
assistant,1
professor,1
conservation,1
restoration,1
nova,1
archaeologists,1
defined,1
stone,1
iron,1
examining,1
collect,1
ll,1
maintaining,1
obtaining,1
handling,1
outdated,1
exhibits,1
classifying,1
collections,1
decay,1
improperly,1
shaped,1
flawed,1
structure,1
stopped,1
exhibiting,1
artworks,1
hurting,1
visitors,1
duplicate,1
thinks,1
unworthy,1
unpopular,1
inspire,1
profound,1
historical,1
significance,1
lifeas,1
crop,1
pen,1
weigh,1
worth,1
considering,1
journey,1
promise,1
wanting,1
universal,1
devalued,1
secure,1
double,1
getting,1
switch,1
classroom,1
lecture,1
inevitable,1
thankfully,1
signs,1
happening,1
learn,1
millennial,1
predecessors,1
mindset,1
committed,1
seeing,1
scrapping,1
generalists,1
pays,1
skills,1
unlikely,1
constantly,1
skilling,1
stay,1
employable,1
estimated,1
pressures,1
fulfilment,1
desire,1
gained,1
campus,1
trajectory,1
older,1
generations,1
talk,1
tense,1
geographer,1
classist,1
sons,1
daughters,1
never,1
won,1
careful,1
choosing,1
diligent,1
reassess,1
postpone,1
opinions,1
shrinking,1
discontent,1
considers,1
sign,1
skilled,1
taking,1
realistic,1
changing,1
minds,1
advised,1
attend,1
training,1
team,1
concluded,1
lifelong,1
educators,1
appeal,1
enlightening,1
stimulating,1
describe,1
experiences,1
partnerships,1
nearly,1
roughly,1
accompanying,1
collaborated,1
encouraging,1
surprising,1
communicate,1
broader,1
audience,1
emotional,1
enhance,1
respondent,1
rocked,1
senses,1
sydney,1
symphony,1
orchestra,1
antonio,1
vivaldi,1
reimagined,1
score,1
injecting,1
prediction,1
season,1
monash,1
creative,1
ahead,1
november,1
conference,1
genuine,1
respondents,1
noted,1
assist,1
shared,1
project,1
jointly,1
design,1
approach,1
powerful,1
opened,1
advanced,1
explore,1
deliberately,1
focused,1
hence,1
something,1
progressed,1
divided,1
sub,1
disciplines,1
simultaneously,1
leading,1
poets,1
vice,1
versa,1
findings,1
suggest,1
sides,1
invest,1
embrace,1
tie,1
ups,1
trap,1
stereotyping,1
alike,1
immersed,1
discovery,1
invention,1
caught,1
critics,1
responses,1
promoted,1
academic,1
heated,1
disputes,1
emotions,1
promising,1
effective,1
facilitating,1
innovations,1
impaired,1
creativity,1
inhibited,1
headed,1
alternately,1
exemplified,1
aimed,1
advancing,1
expectations,1
interdisciplinary,1
communicating,1
beforethe,1
employer,1
procedurally,1
fair,1
guard,1
premise,1
sufficient,1
safeguards,1
conduct,1
boss,1
contractual,1
notice,1
businesses,1
applied,1
executives,1
countless,1
attest,1
constraining,1
handbrake,1
boosting,1
failure,1
losing,1
mediocrity,1
consequently,1
paradoxically,1
extent,1
constrain,1
underperforming,1
constraint,1
firm,1
wages,1
indeed,1
perspective,1
singled,1
managerial,1
capabilities,1
caused,1
costlier,1
fire,1
cautious,1
marginal,1
manager,1
gain,1
arrangement,1
suffers,1
excessive,1
protections,1
stringent,1
adversely,1
hamper,1
prosperity,1
tasman,1
sea,1
deals,1
excluding,1
specified,1
tried,1
permit,1
regime,1
mechanisms,1
unwieldy,1
later,1
dubious,1
exempt,1
hinder,1
worsen,1
reasonable,1
wage,1
restraints,1
enforcing,1
limiting,1
powers,1
salary,1
cuts,1
sees,1
hire,1
earnings,1
undesired,1
beneficial,1
difficult,1
practicethe,1
cooled,1
extreme,1
heat,1
temperature,1
austin,1
officials,1
debate,1
pat,1
sympathises,1
resisting,1
changes,1
teen,1
pupils,1
pushing,1
recognise,1
bread,1
buttered,1
experts,1
sharply,1
casually,1
dismiss,1
dan,1
senior,1
strategist,1
monitors,1
fierce,1
discussions,1
step,1
facts,1
national,1
classes,1
barely,1
higher,1
populous,1
given,1
lowest,1
disproportionate,1
sold,1
glenn,1
centre,1
deputy,1
cautions,1
setting,1
benchmark,1
decentralises,1
performer,1
mean,1
integrated,1
earth,1
space,1
sciences,1
represented,1
curricula,1
younger,1
biology,1
chemistry,1
courses,1
points,1
guidelines,1
unofficial,1
biased,1
perspectives,1
distributed,1
associations,1
forecast,1
shift,1
indicate,1
atmosphere,1
draw,1
shortages,1
exaggerates,1
denies,1
teens,1
expresses,1
contradictory,1
insufficient,1
drive,1
reluctant,1
rewrite,1
lacks,1
__,1
revision,1
urgent,1
cater,1
implied,1
agrees,1
biases,1
misrepresent,1
swayed,1
external,1
forces,1
attempting,1
shortterm,1
sites,1
airbnb,1
2010s,1
historically,1
inventory,1
particularly,1
swaths,1
flip,1
fortune,1
dropped,1
below,1
fear,1
unchecked,1
strained,1
legislature,1
restricting,1
nick,1
executive,1
workforce,1
coalition,1
seacoast,1
southern,1
finding,1
tourists,1
ryan,1
ceo,1
association,1
realtors,1
servicing,1
tourist,1
serviced,1
coming,1
cyclical,1
crux,1
keren,1
expert,1
rent,1
second,1
vacation,1
anyway,1
empty,1
arise,1
scale,1
de,1
facto,1
hotels,1
bypass,1
question,1
shouldn,1
developer,1
building,1
disguising,1
treated,1
taxed,1
regulated,1
charlie,1
baker,1
signed,1
rein,1
investor,1
buyers,1
host,1
opens,1
top,1
boston,1
things,1
renters,1
inspectional,1
struggling,1
want,1
main,1
build,1
speculation,1
cheap,1
dealings,1
real,1
estate,1
agents,1
emphasize,1
upgrade,1
efficient,1
operation,1
stop,1
evading,1
renting,1
spare,1
houses,1
irrational,1
unfeasible,1
unnecessary,1
inadequate,1
heading,1
nearest,1
retailer,1
search,1
duchess,1
sussex,1
bench,1
prepared,1
hunt,1
daughter,1
thriller,1
clinton,1
james,1
patterson,1
week,1
penguin,1
random,1
company,1
late,1
confirmed,1
magazine,1
bookseller,1
reported,1
remove,1
areas,1
tables,1
spaces,1
windows,1
quietly,1
declined,1
comment,1
me,1
operating,1
limitations,1
ability,1
boycotting,1
utmost,1
availability,1
levels,1
hopeful,1
normality,1
appropriately,1
exceptionally,1
busy,1
surpassed,1
normally,1
rely,1
passion,1
promoting,1
praying,1
comes,1
simon,1
schuster,1
unaligned,1
bidding,1
wars,1
advances,1
conformity,1
concentration,1
agent,1
andrew,1
talks,1
delivering,1
contact,1
voices,1
interesting,1
shall,1
casualty,1
comers,1
ongoing,1
conflict,1
concept,1
prevailing,1
sentiment,1
retire,1
noticeable,1
comply,1
respond,1
arrange,1
systematic,1
remain,1
removed,1
slack,1
consequence,1
considerably,1
hesitate,1
branches,1
statements,1
represents,1
stick,1
dominance,1
worrying,1
recordkeepers,1
progress,1
millions,1
perceived,1
reflected,1
factor,1
accumulates,1
depend,1
produce,1
attracted,1
cartels,1
conspire,1
inflate,1
numbers,1
existed,1
developed,1
algorithm,1
recognize,1
disproportionately,1
frequently,1
publications,1
emerged,1
language,1
editorial,1
advent,1
electronic,1
resulted,1
thousands,1
wasn,1
far,1
behind,1
cows,1
single,1
instances,1
absolutely,1
relationship,1
peculiar,1
supposedly,1
profiting,1
accrue,1
insidious,1
acting,1
consultant,1
least,1
three,1
rampant,1
database,1
includes,1
listing,1
seems,1
criterion,1
targeted,1
detect,1
malpractice,1
red,1
flags,1
steer,1
cartel,1
activities,1
reviewer,1
asks,1
inappropriate,1
references,1
oblige,1
request,1
determined,1
contain,1
circles,1
recommend,1
ask,1
function,1
cow,1
counts,1
instruct,1
readership,1
fosters,1
capability,1
identify,1
hinders,1
established,1
manipulators,1
apology,1
seek,1
professional,1
advice,1
reveal,1
misconduct,1
